[{"Pressed": "Key.cmd"}, {"Held": "Key.cmd"}, {"Released": "Key.cmd"}, {"Pressed": "Key.down"}, {"Held": "Key.down"}, {"Released": "Key.down"}, {"Pressed": "Key.down"}, {"Held": "Key.down"}, {"Released": "Key.down"}, {"Pressed": "Key.enter"}, {"Held": "Key.enter"}, {"Released": "Key.enter"}, {"Pressed": "Key.enter"}, {"Held": "Key.enter"}, {"Released": "Key.enter"}, {"Pressed": "Key.shift"}, {"Held": "Key.shift"}, {"Held": "'H'"}, {"Released": "Key.shift"}, {"Released": "'h'"}, {"Pressed": "'e'"}, {"Held": "'e'"}, {"Released": "'e'"}, {"Pressed": "'l'"}, {"Held": "'l'"}, {"Released": "'l'"}, {"Pressed": "'l'"}, {"Held": "'l'"}, {"Released": "'l'"}, {"Pressed": "'o'"}, {"Held": "'o'"}, {"Released": "'o'"}, {"Pressed": "'k'"}, {"Held": "'k'"}, {"Released": "'k'"}, {"Pressed": "'e'"}, {"Held": "'e'"}, {"Released": "'e'"}, {"Pressed": "'y'"}, {"Held": "'y'"}, {"Released": "'y'"}, {"Pressed": "'l'"}, {"Held": "'l'"}, {"Held": "'o'"}, {"Released": "'l'"}, {"Released": "'o'"}, {"Pressed": "'g'"}, {"Held": "'g'"}, {"Released": "'g'"}, {"Pressed": "'g'"}, {"Held": "'g'"}, {"Released": "'g'"}, {"Pressed": "'e'"}, {"Held": "'e'"}, {"Held": "'r'"}, {"Released": "'e'"}, {"Released": "'r'"}, {"Pressed": "'-'"}, {"Held": "'-'"}, {"Released": "'-'"}, {"Pressed": "'1'"}, {"Held": "'1'"}, {"Held": "'2'"}, {"Released": "'1'"}, {"Released": "'2'"}, {"Pressed": "'3'"}, {"Held": "'3'"}, {"Released": "'3'"}]